{
    "IsEncrypted": false,
  "Values": {
    "AzureWebJobsStorage": "DefaultEndpointsProtocol=https;AccountName=hzfmeb6c4dzl6appfunc;AccountKey=zHYGW0qbfD1TXTEnzujiwE/aSG4INmnBPJiPHK9/gebssrcHwzlWIK8oE0fvAn9gYnMPwDhHqC92+WPGTfC7iw==;BlobEndpoint=https://hzfmeb6c4dzl6appfunc.blob.core.windows.net/;TableEndpoint=https://hzfmeb6c4dzl6appfunc.table.core.windows.net/;QueueEndpoint=https://hzfmeb6c4dzl6appfunc.queue.core.windows.net/;FileEndpoint=https://hzfmeb6c4dzl6appfunc.file.core.windows.net/",
    "AzureWebJobsDashboard": "DefaultEndpointsProtocol=https;AccountName=hzfmeb6c4dzl6appfunc;AccountKey=zHYGW0qbfD1TXTEnzujiwE/aSG4INmnBPJiPHK9/gebssrcHwzlWIK8oE0fvAn9gYnMPwDhHqC92+WPGTfC7iw==;BlobEndpoint=https://hzfmeb6c4dzl6appfunc.blob.core.windows.net/;TableEndpoint=https://hzfmeb6c4dzl6appfunc.table.core.windows.net/;QueueEndpoint=https://hzfmeb6c4dzl6appfunc.queue.core.windows.net/;FileEndpoint=https://hzfmeb6c4dzl6appfunc.file.core.windows.net/",
    "FUNCTIONS_WORKER_RUNTIME": "dotnet",
    "AzureServicePrincipalCredSecretName": "servicePrincipleAppPwd",
    "AzureServicePrincipalIdSecretName": "servicePrincipleAppId",
    "DevTestLabArtifactFolder": "windows-domain-join-secure",
    "AzureKeyVaultName": "abdtljoinkv",
    "DevTestLabName": "ABDomainJoinLab",
    "DevtestLabArtifact": "Auto Join Active Directory (AD) domain",
    "AzureKeyVaultResourceGroup": "abdtljoin"
  }
}